time_s,true_azimuth_deg,gimbal_azimuth_deg,pointing_error_deg,motor_current_A,temperature_C,battery_V
0.0,6.732,0.285,6.447,1.016,-15.0,12.411
0.05,7.544,0.72,6.824,0.802,-15.0,12.411
0.1,8.321,1.321,7.0,0.956,-14.99,12.411
0.15,9.063,2.07,6.992,1.016,-14.99,12.411
0.2,9.767,2.934,6.833,1.016,-14.99,12.41
0.25,10.433,3.886,6.547,1.016,-14.99,12.41
0.3,11.059,4.906,6.153,1.016,-14.98,12.41
0.35,11.646,5.979,5.667,1.016,-14.98,12.41
0.4,12.193,7.093,5.099,1.016,-14.98,12.41
0.45,12.699,8.195,4.504,0.881,-14.98,12.41
0.5,13.164,9.302,3.862,0.924,-14.97,12.41
0.55,13.589,10.371,3.218,0.799,-14.97,12.41
0.6,13.973,11.373,2.6,0.68,-14.97,12.409
0.65,14.317,12.264,2.054,0.499,-14.97,12.409
0.7,14.623,13.095,1.528,0.577,-14.96,12.409
0.75,14.89,13.923,0.967,0.708,-14.96,12.409
0.8,15.12,14.562,0.557,0.16,-14.96,12.409
0.85,15.314,15.118,0.196,0.324,-14.96,12.409
0.9,15.473,15.459,0.013,0.429,-14.95,12.409
0.95,15.599,16.003,-0.404,0.989,-14.95,12.409
1.0,15.693,16.398,-0.705,0.239,-14.95,12.409
1.05,15.758,16.695,-0.937,0.19,-14.95,12.409
1.1,15.795,16.989,-1.194,0.334,-14.95,12.409
1.15,15.807,17.215,-1.408,0.173,-14.94,12.409
1.2,15.795,17.274,-1.479,0.517,-14.94,12.408
1.25,15.762,17.43,-1.669,0.469,-14.94,12.408
1.3,15.71,17.624,-1.914,0.355,-14.94,12.408
1.35,15.642,17.617,-1.976,0.645,-14.93,12.408
1.4,15.559,17.664,-2.104,0.289,-14.93,12.408
1.45,15.466,17.668,-2.202,0.265,-14.93,12.408
1.5,15.364,17.623,-2.259,0.318,-14.93,12.408
1.55,15.255,17.501,-2.246,0.434,-14.92,12.408
1.6,15.144,17.396,-2.252,0.203,-14.92,12.408
1.65,15.031,17.28,-2.249,0.277,-14.92,12.408
1.7,14.92,17.233,-2.313,0.261,-14.92,12.408
1.75,14.813,17.12,-2.307,0.404,-14.91,12.408
1.8,14.713,17.016,-2.303,0.219,-14.91,12.407
1.85,14.622,16.881,-2.258,0.34,-14.91,12.407
1.9,14.543,16.685,-2.142,0.448,-14.91,12.407
1.95,14.478,16.575,-2.097,0.257,-14.9,12.407
2.0,14.429,16.42,-1.991,0.383,-14.9,12.407
2.05,14.398,16.278,-1.88,0.239,-14.9,12.407
2.1,14.388,16.076,-1.688,0.451,-14.9,12.407
2.15,14.399,15.843,-1.444,0.404,-14.89,12.407
2.2,14.435,15.663,-1.229,0.168,-14.89,12.407
2.25,14.495,15.55,-1.055,0.211,-14.89,12.407
2.3,14.583,15.445,-0.862,0.223,-14.89,12.407
2.35,14.699,15.385,-0.687,0.197,-14.88,12.407
2.4,14.844,15.404,-0.56,0.332,-14.88,12.407
2.45,15.019,15.516,-0.498,0.431,-14.88,12.406
2.5,15.224,15.56,-0.335,0.296,-14.88,12.406
2.55,15.462,15.677,-0.215,0.389,-14.87,12.406
2.6,15.731,15.71,0.021,0.341,-14.87,12.406
2.65,16.032,15.853,0.178,0.496,-14.87,12.406
2.7,16.364,16.053,0.311,0.408,-14.87,12.406
2.75,16.729,16.192,0.537,0.211,-14.86,12.406
2.8,17.125,16.45,0.674,0.6,-14.86,12.406
2.85,17.552,16.634,0.918,0.213,-14.86,12.406
2.9,18.008,16.836,1.173,0.324,-14.86,12.406
2.95,18.494,17.074,1.42,0.39,-14.85,12.406
3.01,19.008,17.404,1.604,0.584,-14.85,12.406
3.06,19.548,17.787,1.761,0.532,-14.85,12.405
3.11,20.113,18.224,1.89,0.573,-14.85,12.405
3.16,20.702,18.659,2.043,0.441,-14.84,12.405
3.21,21.313,19.142,2.17,0.591,-14.84,12.405
3.26,21.943,19.765,2.178,0.905,-14.84,12.405
3.31,22.591,20.377,2.214,0.544,-14.84,12.405
3.36,23.254,21.023,2.231,0.676,-14.84,12.405
3.41,23.931,21.701,2.23,0.691,-14.83,12.405
3.46,24.619,22.279,2.34,0.311,-14.83,12.405
3.51,25.315,22.833,2.481,0.477,-14.83,12.405
3.56,26.016,23.419,2.598,0.626,-14.83,12.405
3.61,26.721,24.067,2.654,0.745,-14.82,12.404
3.66,27.426,24.738,2.688,0.67,-14.82,12.404
3.71,28.129,25.382,2.746,0.533,-14.82,12.404
3.76,28.826,26.118,2.709,0.875,-14.82,12.404
3.81,29.516,26.856,2.659,0.671,-14.81,12.404
3.86,30.194,27.632,2.562,0.777,-14.81,12.404
3.91,30.86,28.386,2.474,0.623,-14.81,12.404
3.96,31.509,29.126,2.383,0.634,-14.81,12.404
4.01,32.139,29.863,2.276,0.657,-14.8,12.404
4.06,32.747,30.551,2.196,0.517,-14.8,12.404
4.11,33.331,31.236,2.094,0.621,-14.8,12.403
4.16,33.888,32.038,1.85,0.984,-14.8,12.403
4.21,34.416,32.688,1.728,0.251,-14.8,12.403
4.26,34.912,33.383,1.529,0.74,-14.79,12.403
4.31,35.375,34.03,1.344,0.494,-14.79,12.403
4.36,35.801,34.703,1.098,0.682,-14.79,12.403
4.41,36.19,35.218,0.972,0.162,-14.79,12.403
4.46,36.539,35.777,0.762,0.65,-14.78,12.403
4.51,36.847,36.257,0.59,0.302,-14.78,12.403
4.56,37.111,36.758,0.354,0.551,-14.78,12.403
4.61,37.332,37.239,0.093,0.445,-14.78,12.402
4.66,37.507,37.749,-0.242,0.575,-14.78,12.402
4.71,37.636,38.222,-0.586,0.399,-14.77,12.402
4.76,37.718,38.639,-0.921,0.314,-14.77,12.402
4.81,37.752,38.788,-1.037,0.673,-14.77,12.402
4.86,37.738,38.992,-1.254,0.423,-14.77,12.402
4.91,37.675,39.184,-1.509,0.264,-14.76,12.402
4.96,37.564,39.355,-1.791,0.223,-14.76,12.402
5.01,37.405,39.493,-2.088,0.173,-14.76,12.402
5.06,37.197,39.588,-2.391,0.178,-14.76,12.402
5.11,36.943,39.592,-2.649,0.359,-14.76,12.402
5.16,36.642,39.509,-2.868,0.407,-14.75,12.402
5.21,36.295,39.373,-3.078,0.366,-14.75,12.402
5.26,35.904,39.241,-3.338,0.227,-14.75,12.401
5.31,35.469,39.077,-3.608,0.336,-14.75,12.401
5.36,34.993,38.915,-3.922,0.254,-14.74,12.401
5.41,34.476,38.767,-4.29,0.217,-14.74,12.401
5.46,33.922,38.529,-4.607,0.522,-14.74,12.401
5.51,33.33,38.174,-4.843,0.67,-14.74,12.401
5.56,32.705,37.82,-5.115,0.39,-14.74,12.401
5.61,32.047,37.306,-5.258,0.882,-14.73,12.401
5.66,31.36,36.794,-5.434,0.497,-14.73,12.401
5.71,30.645,36.115,-5.47,1.016,-14.73,12.401
5.76,29.906,35.43,-5.524,0.639,-14.73,12.401
5.81,29.144,34.698,-5.554,0.766,-14.73,12.4
5.86,28.363,33.909,-5.546,0.835,-14.72,12.4
5.91,27.565,33.166,-5.602,0.556,-14.72,12.4
5.96,26.752,32.309,-5.557,1.016,-14.72,12.4
6.01,25.929,31.407,-5.478,0.883,-14.72,12.4
6.06,25.097,30.606,-5.509,0.47,-14.72,12.4
6.11,24.26,29.704,-5.444,1.016,-14.71,12.4
6.16,23.42,28.734,-5.314,0.985,-14.71,12.4
6.21,22.58,27.702,-5.122,1.016,-14.71,12.4
6.26,21.744,26.758,-5.015,0.6,-14.71,12.399
6.31,20.912,25.813,-4.9,0.815,-14.71,12.399
6.36,20.089,24.925,-4.836,0.632,-14.7,12.399
6.41,19.277,24.0,-4.723,0.883,-14.7,12.399
6.46,18.478,23.109,-4.631,0.691,-14.7,12.399
6.51,17.695,22.201,-4.506,0.825,-14.7,12.399
6.56,16.93,21.368,-4.438,0.555,-14.69,12.399
6.61,16.185,20.493,-4.308,0.86,-14.69,12.399
6.66,15.462,19.621,-4.159,0.752,-14.69,12.399
6.71,14.764,18.699,-3.935,0.913,-14.69,12.398
6.76,14.091,18.032,-3.941,0.285,-14.69,12.398
6.81,13.446,17.431,-3.985,0.417,-14.69,12.398
6.86,12.83,16.684,-3.854,1.016,-14.68,12.398
6.91,12.244,15.875,-3.631,0.862,-14.68,12.398
6.96,11.689,15.118,-3.429,0.556,-14.68,12.398
7.01,11.166,14.328,-3.161,0.784,-14.68,12.398
7.06,10.677,13.58,-2.903,0.575,-14.68,12.398
7.11,10.22,12.823,-2.603,0.7,-14.67,12.398
7.16,9.797,12.135,-2.338,0.471,-14.67,12.398
7.21,9.408,11.487,-2.079,0.512,-14.67,12.398
7.26,9.053,10.856,-1.804,0.551,-14.67,12.397
7.31,8.731,10.238,-1.506,0.557,-14.67,12.397
7.36,8.443,9.653,-1.21,0.48,-14.66,12.397
7.41,8.187,9.1,-0.913,0.467,-14.66,12.397
7.46,7.962,8.603,-0.64,0.367,-14.66,12.397
7.51,7.768,8.126,-0.357,0.439,-14.66,12.397
7.56,7.604,7.648,-0.044,0.488,-14.66,12.397
7.61,7.468,7.281,0.188,0.151,-14.66,12.397
7.66,7.359,6.967,0.393,0.246,-14.65,12.397
7.71,7.275,6.642,0.633,0.405,-14.65,12.397
7.76,7.215,6.415,0.8,0.218,-14.65,12.397
7.81,7.176,6.128,1.047,0.492,-14.65,12.396
7.86,7.156,5.995,1.161,0.414,-14.65,12.396
7.91,7.154,5.898,1.255,0.167,-14.64,12.396
7.96,7.166,5.898,1.268,0.375,-14.64,12.396
8.01,7.192,5.806,1.385,0.434,-14.64,12.396
8.06,7.228,5.932,1.296,0.747,-14.64,12.396
8.11,7.271,5.976,1.295,0.312,-14.64,12.396
8.16,7.32,6.067,1.254,0.32,-14.64,12.396
8.21,7.372,6.162,1.211,0.225,-14.63,12.396
8.26,7.424,6.248,1.176,0.19,-14.63,12.396
8.31,7.474,6.236,1.238,0.394,-14.63,12.396
8.36,7.519,6.171,1.347,0.32,-14.63,12.396
8.41,7.556,6.166,1.39,0.285,-14.63,12.396
8.46,7.583,6.188,1.395,0.23,-14.63,12.395
8.51,7.597,6.287,1.31,0.398,-14.62,12.395
8.56,7.596,6.455,1.141,0.43,-14.62,12.395
8.61,7.578,6.58,0.998,0.164,-14.62,12.395
8.66,7.54,6.711,0.829,0.254,-14.62,12.395
8.71,7.48,6.746,0.734,0.35,-14.62,12.395
8.76,7.396,6.756,0.64,0.202,-14.62,12.395
8.81,7.286,6.821,0.465,0.325,-14.61,12.395
8.86,7.147,7.016,0.132,0.593,-14.61,12.395
8.91,6.979,7.121,-0.142,0.285,-14.61,12.395
8.96,6.78,7.203,-0.423,0.154,-14.61,12.395
9.02,6.548,7.129,-0.581,0.565,-14.61,12.395
9.07,6.282,7.031,-0.749,0.275,-14.61,12.394
9.12,5.98,6.818,-0.838,0.566,-14.6,12.394
9.17,5.643,6.626,-0.984,0.231,-14.6,12.394
9.22,5.268,6.315,-1.046,0.646,-14.6,12.394
9.27,4.856,6.021,-1.164,0.31,-14.6,12.394
9.32,4.407,5.735,-1.328,0.327,-14.6,12.394
9.37,3.919,5.404,-1.485,0.481,-14.6,12.394
9.42,3.393,5.252,-1.858,0.467,-14.6,12.394
9.47,2.83,4.975,-2.145,0.631,-14.59,12.394
9.52,2.228,4.525,-2.297,0.865,-14.59,12.394
9.57,1.59,4.054,-2.464,0.523,-14.59,12.394
9.62,0.916,3.635,-2.719,0.315,-14.59,12.394
9.67,0.207,3.115,-2.908,0.743,-14.59,12.393
9.72,-0.537,2.475,-3.012,0.874,-14.59,12.393
9.77,-1.313,1.894,-3.207,0.406,-14.59,12.393
9.82,-2.121,1.209,-3.33,0.867,-14.58,12.393
9.87,-2.958,0.394,-3.352,1.016,-14.58,12.393
9.92,-3.823,-0.299,-3.524,0.338,-14.58,12.393
9.97,-4.714,-1.053,-3.661,0.812,-14.58,12.393
10.02,-5.629,-1.791,-3.837,0.618,-14.58,12.393
10.07,-6.565,-2.594,-3.971,0.852,-14.58,12.393
10.12,-7.521,-3.447,-4.074,0.854,-14.58,12.392
10.17,-8.493,-4.363,-4.13,0.929,-14.57,12.392
10.22,-9.479,-5.319,-4.16,0.899,-14.57,12.392
10.27,-10.478,-6.344,-4.134,1.016,-14.57,12.392
10.32,-11.485,-7.422,-4.063,1.016,-14.57,12.392
10.37,-12.498,-8.474,-4.024,0.813,-14.57,12.392
10.42,-13.514,-9.549,-3.965,0.943,-14.57,12.392
10.47,-14.531,-10.627,-3.904,0.896,-14.57,12.392
10.52,-15.545,-11.746,-3.799,1.016,-14.57,12.392
10.57,-16.554,-12.825,-3.729,0.794,-14.56,12.391
10.62,-17.554,-13.89,-3.665,0.848,-14.56,12.391
10.67,-18.544,-14.937,-3.607,0.825,-14.56,12.391
10.72,-19.519,-16.032,-3.487,1.016,-14.56,12.391
10.77,-20.478,-17.166,-3.312,1.016,-14.56,12.391
10.82,-21.417,-18.247,-3.17,0.767,-14.56,12.391
10.87,-22.334,-19.342,-2.992,0.935,-14.56,12.391
10.92,-23.226,-20.475,-2.751,1.013,-14.56,12.391
10.97,-24.091,-21.595,-2.496,0.887,-14.56,12.391
11.02,-24.926,-22.661,-2.266,0.752,-14.55,12.39
11.07,-25.73,-23.617,-2.113,0.544,-14.55,12.39
11.12,-26.499,-24.643,-1.856,1.016,-14.55,12.39
11.17,-27.232,-25.713,-1.519,0.986,-14.55,12.39
11.22,-27.928,-26.724,-1.204,0.7,-14.55,12.39
11.27,-28.584,-27.624,-0.959,0.503,-14.55,12.39
11.32,-29.198,-28.463,-0.736,0.573,-14.55,12.39
11.37,-29.771,-29.317,-0.454,0.769,-14.55,12.39
11.42,-30.3,-30.119,-0.181,0.57,-14.55,12.39
11.47,-30.784,-30.893,0.109,0.609,-14.54,12.389
11.52,-31.222,-31.609,0.387,0.5,-14.54,12.389
11.57,-31.615,-32.345,0.73,0.695,-14.54,12.389
11.62,-31.961,-32.938,0.976,0.21,-14.54,12.389
11.67,-32.261,-33.452,1.191,0.31,-14.54,12.389
11.72,-32.514,-33.935,1.421,0.397,-14.54,12.389
11.77,-32.72,-34.276,1.556,0.261,-14.54,12.389
11.82,-32.88,-34.656,1.776,0.494,-14.54,12.389
11.87,-32.995,-35.034,2.039,0.392,-14.54,12.389
11.92,-33.065,-35.325,2.261,0.164,-14.54,12.389
11.97,-33.09,-35.563,2.473,0.176,-14.53,12.389
12.02,-33.073,-35.534,2.461,0.815,-14.53,12.389
12.07,-33.014,-35.668,2.654,0.616,-14.53,12.388
12.12,-32.915,-35.721,2.806,0.318,-14.53,12.388
12.17,-32.778,-35.778,3.0,0.187,-14.53,12.388
12.22,-32.603,-35.86,3.257,0.253,-14.53,12.388
12.27,-32.394,-35.939,3.545,0.186,-14.53,12.388
12.32,-32.152,-35.934,3.782,0.361,-14.53,12.388
12.37,-31.879,-35.888,4.009,0.291,-14.53,12.388
12.42,-31.578,-35.803,4.225,0.313,-14.53,12.388
12.47,-31.251,-35.595,4.345,0.592,-14.53,12.388
12.52,-30.9,-35.41,4.511,0.236,-14.53,12.388
12.57,-30.527,-35.106,4.578,0.653,-14.52,12.388
12.62,-30.137,-34.772,4.635,0.46,-14.52,12.388
12.67,-29.73,-34.427,4.697,0.424,-14.52,12.387
12.72,-29.311,-34.191,4.88,0.234,-14.52,12.387
12.77,-28.881,-33.86,4.979,0.612,-14.52,12.387
12.82,-28.443,-33.364,4.921,0.888,-14.52,12.387
12.87,-28.0,-32.938,4.938,0.29,-14.52,12.387
12.92,-27.555,-32.495,4.94,0.505,-14.52,12.387
12.97,-27.11,-32.014,4.904,0.577,-14.52,12.387
13.02,-26.668,-31.476,4.808,0.665,-14.52,12.387
13.07,-26.231,-30.946,4.715,0.501,-14.52,12.387
13.12,-25.803,-30.39,4.587,0.604,-14.52,12.387
13.17,-25.385,-30.023,4.639,0.34,-14.52,12.387
13.22,-24.979,-29.576,4.596,0.654,-14.52,12.386
13.27,-24.589,-29.027,4.438,0.77,-14.51,12.386
13.32,-24.216,-28.542,4.326,0.336,-14.51,12.386
13.37,-23.861,-28.008,4.146,0.638,-14.51,12.386
13.42,-23.528,-27.46,3.932,0.56,-14.51,12.386
13.47,-23.217,-26.925,3.708,0.492,-14.51,12.386
13.52,-22.931,-26.392,3.461,0.512,-14.51,12.386
13.57,-22.669,-25.89,3.22,0.423,-14.51,12.386
13.62,-22.435,-25.392,2.957,0.482,-14.51,12.386
13.67,-22.228,-24.932,2.704,0.373,-14.51,12.386
13.72,-22.05,-24.524,2.474,0.307,-14.51,12.386
13.77,-21.901,-24.106,2.205,0.455,-14.51,12.385
13.82,-21.782,-23.938,2.156,0.629,-14.51,12.385
13.87,-21.693,-23.66,1.967,0.593,-14.51,12.385
13.92,-21.634,-23.414,1.779,0.235,-14.51,12.385
13.97,-21.605,-23.327,1.722,0.478,-14.51,12.385
14.02,-21.607,-23.154,1.548,0.464,-14.51,12.385
14.07,-21.637,-23.002,1.365,0.194,-14.51,12.385
14.12,-21.696,-22.83,1.134,0.302,-14.51,12.385
14.17,-21.784,-22.763,0.98,0.365,-14.51,12.385
14.22,-21.898,-22.654,0.756,0.312,-14.51,12.385
14.27,-22.038,-22.678,0.64,0.497,-14.51,12.385
14.32,-22.202,-22.66,0.458,0.243,-14.5,12.385
14.37,-22.389,-22.6,0.211,0.274,-14.5,12.384
14.42,-22.597,-22.635,0.038,0.415,-14.5,12.384
14.47,-22.825,-22.684,-0.142,0.234,-14.5,12.384
14.52,-23.07,-22.836,-0.234,0.52,-14.5,12.384
14.57,-23.331,-23.009,-0.323,0.338,-14.5,12.384
14.62,-23.605,-23.194,-0.411,0.33,-14.5,12.384
14.67,-23.89,-23.308,-0.582,0.221,-14.5,12.384
14.72,-24.184,-23.466,-0.718,0.384,-14.5,12.384
14.77,-24.483,-23.646,-0.837,0.351,-14.5,12.384
14.82,-24.787,-23.85,-0.936,0.369,-14.5,12.384
14.87,-25.091,-24.105,-0.986,0.468,-14.5,12.384
14.92,-25.394,-24.335,-1.058,0.277,-14.5,12.384
14.97,-25.692,-24.605,-1.087,0.453,-14.5,12.384
15.03,-25.984,-24.902,-1.082,0.442,-14.5,12.383
15.08,-26.265,-25.157,-1.109,0.254,-14.5,12.383
15.13,-26.535,-25.063,-1.472,1.016,-14.5,12.383
15.18,-26.79,-25.234,-1.556,0.917,-14.5,12.383
15.23,-27.027,-25.522,-1.505,0.651,-14.5,12.383
15.28,-27.244,-25.819,-1.426,0.399,-14.5,12.383
15.33,-27.439,-26.205,-1.234,0.655,-14.5,12.383
15.38,-27.609,-26.518,-1.091,0.219,-14.5,12.383
15.43,-27.751,-26.951,-0.801,0.757,-14.5,12.383
15.48,-27.864,-27.271,-0.593,0.168,-14.5,12.383
15.53,-27.945,-27.642,-0.303,0.555,-14.5,12.382
15.58,-27.993,-28.085,0.091,0.648,-14.5,12.382
15.63,-28.006,-28.348,0.342,0.365,-14.5,12.382
15.68,-27.981,-28.609,0.628,0.349,-14.5,12.382
15.73,-27.917,-28.782,0.865,0.212,-14.5,12.382
15.78,-27.814,-28.858,1.044,0.306,-14.5,12.382
15.83,-27.669,-28.875,1.206,0.254,-14.5,12.382
15.88,-27.482,-28.91,1.429,0.24,-14.5,12.382
15.93,-27.251,-28.882,1.631,0.3,-14.5,12.382
15.98,-26.977,-28.828,1.851,0.228,-14.5,12.382
16.03,-26.658,-28.77,2.112,0.178,-14.5,12.382
16.08,-26.294,-28.543,2.249,0.686,-14.5,12.382
16.13,-25.885,-28.324,2.438,0.269,-14.5,12.382
16.18,-25.432,-28.101,2.669,0.292,-14.5,12.381
16.23,-24.934,-27.808,2.874,0.504,-14.5,12.381
16.28,-24.392,-27.428,3.035,0.604,-14.5,12.381
16.33,-23.807,-27.036,3.229,0.433,-14.5,12.381
16.38,-23.179,-26.613,3.435,0.503,-14.5,12.381
16.43,-22.509,-26.217,3.707,0.35,-14.5,12.381
16.48,-21.8,-25.697,3.898,0.787,-14.5,12.381
16.53,-21.051,-25.195,4.144,0.448,-14.5,12.381
16.58,-20.265,-24.694,4.429,0.482,-14.5,12.381
16.63,-19.443,-24.169,4.726,0.558,-14.5,12.381
16.68,-18.588,-23.546,4.958,0.806,-14.5,12.381
16.73,-17.7,-22.777,5.077,1.016,-14.5,12.38
16.78,-16.784,-21.937,5.153,0.896,-14.5,12.38
16.83,-15.84,-21.052,5.212,0.863,-14.5,12.38
16.88,-14.871,-20.082,5.212,1.016,-14.5,12.38
16.93,-13.879,-19.07,5.191,0.948,-14.5,12.38
16.98,-12.868,-18.092,5.224,0.746,-14.5,12.38
17.03,-11.84,-17.084,5.244,0.918,-14.5,12.38
17.08,-10.798,-16.039,5.241,0.961,-14.5,12.38
17.13,-9.744,-15.134,5.39,0.443,-14.51,12.38
17.18,-8.682,-14.152,5.47,1.016,-14.51,12.379
17.23,-7.614,-13.141,5.527,0.917,-14.51,12.379
17.28,-6.543,-12.077,5.534,1.016,-14.51,12.379
17.33,-5.472,-10.978,5.507,0.993,-14.51,12.379
17.38,-4.404,-9.868,5.464,0.952,-14.51,12.379
17.43,-3.342,-8.728,5.386,1.016,-14.51,12.379
17.48,-2.289,-7.576,5.287,0.981,-14.51,12.379
17.53,-1.247,-6.403,5.156,1.016,-14.51,12.379
17.58,-0.22,-5.216,4.996,1.016,-14.51,12.378
17.63,0.791,-4.333,5.124,0.25,-14.51,12.378
17.68,1.782,-3.369,5.151,1.016,-14.51,12.378
17.73,2.751,-2.342,5.093,1.016,-14.51,12.378
17.78,3.696,-1.268,4.964,1.016,-14.51,12.378
17.83,4.614,-0.175,4.789,0.962,-14.51,12.378
17.88,5.504,0.917,4.587,0.912,-14.51,12.378
17.93,6.363,2.008,4.355,0.917,-14.51,12.378
17.98,7.19,3.131,4.059,1.016,-14.51,12.378
18.03,7.983,4.005,3.978,0.179,-14.51,12.377
18.08,8.741,4.801,3.939,0.529,-14.51,12.377
18.13,9.461,5.697,3.764,1.016,-14.51,12.377
18.18,10.144,6.644,3.5,0.942,-14.52,12.377
18.23,10.788,7.571,3.217,0.757,-14.52,12.377
18.28,11.393,8.432,2.96,0.607,-14.52,12.377
18.33,11.957,9.378,2.579,1.016,-14.52,12.377
18.38,12.481,10.238,2.243,0.56,-14.52,12.377
18.43,12.964,11.113,1.851,0.806,-14.52,12.377
18.48,13.406,12.068,1.338,1.016,-14.52,12.376
18.53,13.808,12.858,0.951,0.323,-14.52,12.376
18.58,14.17,13.691,0.479,0.846,-14.52,12.376
18.63,14.493,14.307,0.186,0.222,-14.52,12.376
18.68,14.777,14.879,-0.102,0.458,-14.52,12.376
18.73,15.023,15.414,-0.391,0.448,-14.52,12.376
18.78,15.233,15.938,-0.705,0.503,-14.52,12.376
18.83,15.407,16.335,-0.928,0.161,-14.52,12.376
18.88,15.547,16.76,-1.212,0.525,-14.52,12.376
18.93,15.655,17.063,-1.407,0.213,-14.53,12.376
18.98,15.733,17.435,-1.702,0.586,-14.53,12.376
19.03,15.782,17.69,-1.907,0.238,-14.53,12.376
19.08,15.805,17.832,-2.028,0.3,-14.53,12.375
19.13,15.803,17.857,-2.054,0.4,-14.53,12.375
19.18,15.779,17.846,-2.067,0.228,-14.53,12.375
19.23,15.735,17.907,-2.173,0.377,-14.53,12.375
19.28,15.674,18.006,-2.333,0.319,-14.53,12.375
19.33,15.597,18.024,-2.427,0.314,-14.53,12.375
19.38,15.508,18.107,-2.599,0.373,-14.53,12.375
19.43,15.41,18.19,-2.78,0.221,-14.53,12.375
19.48,15.304,18.234,-2.931,0.197,-14.54,12.375
19.53,15.193,18.165,-2.972,0.454,-14.54,12.375
19.58,15.08,18.105,-3.025,0.157,-14.54,12.375
19.63,14.968,17.989,-3.021,0.352,-14.54,12.375
19.68,14.859,17.872,-3.012,0.223,-14.54,12.375
19.73,14.756,17.83,-3.074,0.313,-14.54,12.374
19.78,14.661,17.647,-2.986,0.602,-14.54,12.374
19.83,14.576,17.521,-2.944,0.21,-14.54,12.374
19.88,14.505,17.519,-3.014,0.452,-14.54,12.374
19.93,14.448,17.404,-2.955,0.486,-14.54,12.374
19.98,14.409,17.147,-2.738,0.651,-14.55,12.374
20.03,14.39,16.962,-2.572,0.2,-14.55,12.374
20.08,14.391,16.626,-2.235,0.729,-14.55,12.374
20.13,14.416,16.442,-2.026,0.387,-14.55,12.374
20.18,14.465,16.231,-1.766,0.347,-14.55,12.374
20.23,14.541,16.083,-1.542,0.2,-14.55,12.374
20.28,14.644,16.038,-1.393,0.373,-14.55,12.374
20.33,14.776,15.959,-1.183,0.276,-14.55,12.373
20.38,14.938,15.927,-0.989,0.248,-14.55,12.373
20.43,15.13,15.793,-0.664,0.475,-14.55,12.373
20.48,15.353,15.803,-0.449,0.501,-14.56,12.373
20.53,15.608,15.817,-0.209,0.182,-14.56,12.373
20.58,15.895,15.964,-0.069,0.569,-14.56,12.373
20.63,16.214,16.139,0.074,0.35,-14.56,12.373
20.68,16.564,16.355,0.21,0.401,-14.56,12.373
20.73,16.947,16.63,0.317,0.489,-14.56,12.373
20.78,17.36,17.035,0.324,0.75,-14.56,12.373
20.83,17.803,17.334,0.47,0.188,-14.56,12.373
20.88,18.276,17.616,0.66,0.317,-14.57,12.373
20.93,18.778,17.997,0.781,0.654,-14.57,12.372
20.98,19.307,18.345,0.961,0.321,-14.57,12.372
21.04,19.861,18.782,1.079,0.67,-14.57,12.372
21.09,20.44,19.263,1.177,0.595,-14.57,12.372
21.14,21.041,19.812,1.229,0.698,-14.57,12.372
21.19,21.663,20.419,1.244,0.715,-14.57,12.372
21.24,22.303,20.881,1.422,0.162,-14.57,12.372
21.29,22.96,21.341,1.619,0.469,-14.58,12.372
21.34,23.631,21.915,1.716,0.825,-14.58,12.372
21.39,24.315,22.464,1.851,0.475,-14.58,12.372
21.44,25.007,23.074,1.933,0.726,-14.58,12.371
21.49,25.707,23.732,1.974,0.725,-14.58,12.371
21.54,26.41,24.48,1.93,0.886,-14.58,12.371
21.59,27.115,25.239,1.876,0.71,-14.58,12.371
21.64,27.819,26.022,1.798,0.754,-14.59,12.371
21.69,28.52,26.851,1.669,0.841,-14.59,12.371
21.74,29.213,27.66,1.553,0.671,-14.59,12.371
21.79,29.897,28.512,1.385,0.849,-14.59,12.371
21.84,30.568,29.309,1.259,0.578,-14.59,12.371
21.89,31.225,30.044,1.181,0.52,-14.59,12.371
21.94,31.863,30.76,1.103,0.606,-14.59,12.37
21.99,32.482,31.429,1.053,0.507,-14.6,12.37
22.04,33.077,32.228,0.849,1.016,-14.6,12.37
22.09,33.646,33.037,0.609,0.741,-14.6,12.37
22.14,34.187,33.751,0.436,0.425,-14.6,12.37
22.19,34.697,34.449,0.248,0.601,-14.6,12.37
22.24,35.175,35.142,0.033,0.622,-14.6,12.37
22.29,35.618,35.735,-0.118,0.333,-14.6,12.37
22.34,36.023,36.222,-0.199,0.239,-14.61,12.37
22.39,36.39,36.73,-0.34,0.554,-14.61,12.37
22.44,36.716,37.236,-0.519,0.499,-14.61,12.37
22.49,37.0,37.71,-0.71,0.407,-14.61,12.369
22.54,37.24,38.203,-0.963,0.54,-14.61,12.369
22.59,37.436,38.665,-1.229,0.399,-14.61,12.369
22.64,37.585,39.12,-1.535,0.454,-14.62,12.369
22.69,37.688,39.468,-1.78,0.161,-14.62,12.369
22.74,37.743,39.68,-1.937,0.32,-14.62,12.369
22.79,37.75,39.961,-2.212,0.511,-14.62,12.369
22.84,37.709,40.172,-2.463,0.17,-14.62,12.369
22.89,37.619,40.201,-2.583,0.554,-14.62,12.369
22.94,37.481,40.307,-2.827,0.404,-14.63,12.369
22.99,37.295,40.386,-3.091,0.159,-14.63,12.369
23.04,37.061,40.366,-3.306,0.393,-14.63,12.369
23.09,36.78,40.239,-3.459,0.491,-14.63,12.368
23.14,36.453,40.101,-3.648,0.27,-14.63,12.368
23.19,36.081,39.999,-3.918,0.164,-14.63,12.368
23.24,35.666,39.742,-4.076,0.693,-14.64,12.368
23.29,35.208,39.342,-4.134,0.764,-14.64,12.368
23.34,34.709,38.938,-4.229,0.439,-14.64,12.368
23.39,34.171,38.508,-4.337,0.509,-14.64,12.368
23.44,33.595,38.047,-4.451,0.544,-14.64,12.368
23.49,32.985,37.511,-4.527,0.695,-14.64,12.368
23.54,32.341,36.983,-4.642,0.499,-14.65,12.368
23.59,31.666,36.471,-4.805,0.467,-14.65,12.368
23.64,30.964,35.954,-4.99,0.52,-14.65,12.367
23.69,30.235,35.395,-5.161,0.633,-14.65,12.367
23.74,29.482,34.756,-5.274,0.783,-14.65,12.367
23.79,28.709,34.05,-5.34,0.796,-14.65,12.367
23.84,27.918,33.249,-5.331,0.929,-14.66,12.367
23.89,27.112,32.409,-5.297,0.823,-14.66,12.367
23.94,26.293,31.572,-5.278,0.725,-14.66,12.367
23.99,25.465,30.64,-5.176,1.016,-14.66,12.367
24.04,24.63,29.772,-5.143,0.602,-14.66,12.367
24.09,23.791,29.018,-5.228,0.404,-14.67,12.367
24.14,22.95,28.178,-5.227,0.934,-14.67,12.366
24.19,22.112,27.321,-5.21,0.78,-14.67,12.366
24.24,21.278,26.402,-5.124,0.936,-14.67,12.366
24.29,20.451,25.55,-5.1,0.577,-14.67,12.366
24.34,19.633,24.623,-4.99,0.97,-14.68,12.366
24.39,18.828,23.794,-4.966,0.49,-14.68,12.366
24.44,18.038,22.869,-4.831,1.016,-14.68,12.366
24.49,17.265,22.05,-4.785,0.466,-14.68,12.366
24.54,16.511,21.141,-4.63,0.988,-14.68,12.366
24.59,15.778,20.281,-4.503,0.627,-14.68,12.365
24.64,15.069,19.456,-4.387,0.637,-14.69,12.365
24.69,14.385,18.602,-4.218,0.805,-14.69,12.365
24.74,13.727,17.829,-4.102,0.492,-14.69,12.365
24.79,13.098,17.097,-3.999,0.557,-14.69,12.365
24.84,12.498,16.365,-3.867,0.654,-14.69,12.365
24.89,11.93,15.602,-3.672,0.746,-14.7,12.365
24.94,11.393,14.889,-3.497,0.52,-14.7,12.365
24.99,10.888,14.174,-3.285,0.648,-14.7,12.365
25.04,10.417,13.591,-3.174,0.235,-14.7,12.365
25.09,9.979,12.913,-2.934,0.838,-14.7,12.364
25.14,9.575,12.241,-2.665,0.599,-14.71,12.364
25.19,9.205,11.553,-2.348,0.656,-14.71,12.364
25.24,8.869,10.967,-2.098,0.313,-14.71,12.364
25.29,8.566,10.358,-1.792,0.621,-14.71,12.364
25.34,8.295,9.762,-1.466,0.526,-14.71,12.364
25.39,8.057,9.137,-1.08,0.645,-14.72,12.364
25.44,7.85,8.73,-0.88,0.384,-14.72,12.364
25.49,7.673,8.366,-0.693,0.293,-14.72,12.364
25.54,7.525,8.018,-0.493,0.346,-14.72,12.364
25.59,7.404,7.703,-0.299,0.284,-14.73,12.364
25.64,7.309,7.287,0.022,0.671,-14.73,12.363
25.69,7.239,7.001,0.238,0.263,-14.73,12.363
25.74,7.19,6.869,0.321,0.431,-14.73,12.363
25.79,7.162,6.772,0.391,0.169,-14.73,12.363
25.84,7.153,6.542,0.611,0.615,-14.74,12.363
25.89,7.159,6.487,0.672,0.532,-14.74,12.363
25.94,7.179,6.348,0.831,0.44,-14.74,12.363
25.99,7.211,6.307,0.903,0.361,-14.74,12.363
26.04,7.251,6.301,0.95,0.233,-14.74,12.363
26.09,7.298,6.219,1.079,0.381,-14.75,12.363
26.14,7.349,6.177,1.172,0.219,-14.75,12.363
26.19,7.401,6.129,1.273,0.193,-14.75,12.363
26.24,7.452,6.125,1.327,0.258,-14.75,12.363
26.29,7.5,6.227,1.273,0.47,-14.75,12.362
26.34,7.54,6.266,1.274,0.263,-14.76,12.362
26.39,7.572,6.383,1.19,0.413,-14.76,12.362
26.44,7.593,6.414,1.179,0.326,-14.76,12.362
26.49,7.599,6.344,1.254,0.434,-14.76,12.362
26.54,7.589,6.341,1.247,0.305,-14.77,12.362
26.59,7.56,6.457,1.103,0.511,-14.77,12.362
26.64,7.509,6.575,0.935,0.238,-14.77,12.362
26.69,7.436,6.636,0.8,0.241,-14.77,12.362
26.74,7.338,6.653,0.684,0.244,-14.77,12.362
26.79,7.212,6.726,0.486,0.33,-14.78,12.362
26.84,7.057,6.785,0.273,0.157,-14.78,12.362
26.89,6.872,6.77,0.101,0.336,-14.78,12.361
26.94,6.654,6.774,-0.119,0.19,-14.78,12.361
26.99,6.403,6.758,-0.355,0.21,-14.79,12.361
27.05,6.118,6.716,-0.599,0.245,-14.79,12.361
27.1,5.796,6.597,-0.801,0.423,-14.79,12.361
27.15,5.438,6.424,-0.986,0.403,-14.79,12.361
27.2,5.043,6.198,-1.155,0.44,-14.8,12.361
27.25,4.61,5.945,-1.336,0.397,-14.8,12.361
27.3,4.139,5.668,-1.53,0.409,-14.8,12.361
27.35,3.63,5.302,-1.672,0.628,-14.8,12.361
27.4,3.083,4.892,-1.81,0.546,-14.8,12.361
27.45,2.498,4.434,-1.936,0.595,-14.81,12.361
27.5,1.876,3.913,-2.037,0.674,-14.81,12.36
27.55,1.218,3.362,-2.145,0.618,-14.81,12.36
27.6,0.524,2.794,-2.27,0.601,-14.81,12.36
27.65,-0.205,2.229,-2.434,0.551,-14.82,12.36
27.7,-0.967,1.619,-2.586,0.695,-14.82,12.36
27.75,-1.761,0.91,-2.671,0.893,-14.82,12.36
27.8,-2.585,0.235,-2.82,0.557,-14.82,12.36
27.85,-3.438,-0.552,-2.886,0.978,-14.83,12.36
27.9,-4.318,-1.431,-2.887,0.998,-14.83,12.36
27.95,-5.223,-2.172,-3.05,0.362,-14.83,12.36
28.0,-6.15,-2.959,-3.191,0.824,-14.83,12.359
28.05,-7.097,-3.77,-3.327,0.792,-14.83,12.359
28.1,-8.062,-4.486,-3.576,0.444,-14.84,12.359
28.15,-9.043,-5.29,-3.753,0.938,-14.84,12.359
28.2,-10.036,-6.075,-3.962,0.673,-14.84,12.359
28.25,-11.04,-6.952,-4.088,1.0,-14.84,12.359
28.3,-12.051,-7.905,-4.145,1.016,-14.85,12.359
28.35,-13.066,-8.819,-4.247,0.715,-14.85,12.359
28.4,-14.083,-9.748,-4.334,0.857,-14.85,12.359
28.45,-15.098,-10.742,-4.357,1.016,-14.85,12.358
28.5,-16.11,-11.784,-4.326,1.016,-14.86,12.358
28.55,-17.115,-12.792,-4.323,0.793,-14.86,12.358
28.6,-18.109,-13.845,-4.264,1.016,-14.86,12.358
28.65,-19.091,-14.856,-4.235,0.778,-14.86,12.358
28.7,-20.058,-15.89,-4.167,0.952,-14.87,12.358
28.75,-21.006,-16.964,-4.041,1.016,-14.87,12.358
28.8,-21.933,-18.013,-3.92,0.846,-14.87,12.358
28.85,-22.836,-19.097,-3.739,1.016,-14.87,12.358
28.9,-23.713,-20.172,-3.542,0.899,-14.88,12.357
28.95,-24.562,-21.276,-3.286,1.016,-14.88,12.357
29.0,-25.38,-22.254,-3.126,0.559,-14.88,12.357
29.05,-26.164,-23.284,-2.88,1.016,-14.88,12.357
29.1,-26.914,-24.355,-2.559,1.016,-14.89,12.357
29.15,-27.626,-25.353,-2.273,0.698,-14.89,12.357
29.2,-28.3,-26.394,-1.906,1.003,-14.89,12.357
29.25,-28.933,-27.427,-1.505,0.879,-14.89,12.357
29.3,-29.524,-28.371,-1.153,0.618,-14.89,12.357
29.35,-30.072,-29.32,-0.752,0.85,-14.9,12.356
29.4,-30.576,-30.214,-0.362,0.666,-14.9,12.356
29.45,-31.035,-30.972,-0.063,0.383,-14.9,12.356
29.5,-31.448,-31.646,0.198,0.444,-14.9,12.356
29.55,-31.815,-32.278,0.464,0.516,-14.91,12.356
29.6,-32.135,-32.874,0.739,0.499,-14.91,12.356
29.65,-32.408,-33.415,1.007,0.42,-14.91,12.356
29.7,-32.635,-33.787,1.152,0.266,-14.91,12.356
29.75,-32.815,-34.277,1.461,0.786,-14.92,12.356
29.8,-32.95,-34.673,1.723,0.226,-14.92,12.356
29.85,-33.039,-34.974,1.935,0.155,-14.92,12.356
29.9,-33.084,-35.277,2.193,0.385,-14.92,12.355
29.95,-33.086,-35.564,2.479,0.329,-14.93,12.355
30.0,-33.045,-35.905,2.86,0.533,-14.93,12.355
